{
  "project_info": {
    "project_number": "244138885090",
    "project_id": "tintucapp13",
    "storage_bucket": "tintucapp13.firebasestorage.app"
  },
  "client": [
    {
      "client_info": {
        "mobilesdk_app_id": "1:244138885090:android:96d9b550a58b22bc7103bb",
        "android_client_info": {
          "package_name": "nhom4Mobile.ueh.edu.tintucapp"
        }
      },
      "oauth_client": [],
      "api_key": [
        {
          "current_key": "AIzaSyB4nCXnlH959zPvU9QbcVShuofNMTU8OQE"
        }
      ],
      "services": {
        "appinvite_service": {
          "other_platform_oauth_client": []
        }
      }
    }
  ],
  "configuration_version": "1"
}